name,open,link
Addepar,true,https://jobs.lever.co/addepar/dac1e818-e1cb-4552-bea5-79ea641bb1e0
AeroFS,true,https://boards.greenhouse.io/aerofs/jobs/74273#.V8OjEZMrKqA
Affirm Delphix,true,https://www.delphix.com/company/careers/job-listings/90155-internship---full-stack-engineering
Airbnb,true,https://www.airbnb.com/careers/departments/position/250929
AirWar,false,
Akamai,true,http://akamaijobs.referrals.selectminds.com/jobs/software-engineering-intern-927
Alarm.com,true,"http://www.alarm.com/about/open-positions.aspx?jvi=orrK3fwp,Job"
Amazon,true,https://www.amazon.jobs/en/jobs/427507
American Express,true,https://jobs.americanexpress.com/jobs/16008126/Campus-2017-Software-Engineer-Internship?lang=en-US
Am,false,
Ancestr,true,https://www.smartrecruiters.com/ancestry/96374373
App Dynamics,false,
Appboy,false,
AppFolio,true,https://www.appfolioinc.com/jobs-openings?p=job%2FoZOL3fwl
Apple,true,https://jobs.apple.com/us/search?jobFunction=CGINT#&t=0&sb=req_open_dt&so=1&j=CGINT&lo=0*USA&pN=0&openJobId=35799849
AppNexus,false,
Asana,true,https://asana.com/jobs/software-engineering-intern
Atlassian,true,https://www.smartrecruiters.com/Atlassian/94449568
Audienc,false,
August,true,http://august.com/jobs/#internships
Automated Insights,false,
Axosof,false,
Beep,false,
Benbr,false,
Bettermen,false,
BigCommerc,false,
Bitly,false,
Bitnam,false,
BitTitan,true,https://bittitan.applicantpro.com/account/?listing_id=438445
Blackbaud,true,https://www.blackbaud.com/files/university/current-openings/index.htm
Blend,true,http://www.internships.com/development/frontend-developement-internship
Bloom Reach,false,
Bloomberg,true,https://careers.bloomberg.com/job/detail/53395?el=Internships&_ga=1.213087507.649576942.1472435518
BNY Mellon,true,https://jobs.bnymellon.com/jobs/1608976/New-York-New-York-2017-Technology-Summer-Analyst-Program-NYC-Metro?lang=en-US
Boomerang,false,
Box,true,https://boards.greenhouse.io/boxinc/jobs/264900#.V9cVjZMrKCU
Boxed,false,
BrainTree,true,https://boards.greenhouse.io/braintree/jobs/452437?gh_jid=452437#.V9cWK5MrKCU
Brigad,false,
BrightBytes,false,
Broadway Technolog,true,http://careers.broadwaytechnology.com/?d=College%20Recruiting&p=job%2Fo14G3fwy
Bung,false,
BuzzFeed,false,
Capital One,true,https://jobs.capitalone.com/job/mclean/technology-intern-program-other-amazing-universities/1732/2087855
Casper,false,
CBS Interac,false,
Chexolog,true,http://chexology.com/chexology-careers/
Cisco,true,https://jobs.cisco.com/job/San-Jose-Software-Engineer-%28Co-Op%29-United-States-CA-95101/352223300/
Classy,false,
ClearSlid,false,
Clouder,false,
Codeshi,true,https://codeship.com/jobs?gh_jid=268840
Cogo Labs,true,https://www.cogolabs.com/careers/2739f6b8-2552-4c50-b1de-9714ee0c7397
Coinbas,false,
Constant Contac,false,
Couple,true,https://couple.me/jobs
Credit Sesame,true,https://www.creditsesame.com/about/jobs/238244/?gh_jid=238244
CrowdRis,false,
Cruis,false,
Cumulus Networks,true,https://cumulusnetworks.bamboohr.com/jobs/view.php?id=5
D.E. Shaw,true,https://www.deshaw.com/recruit/UnivListing.html
Datadog,true,https://www.datadoghq.com/careers/detail/?gh_jid=239906
Disne,true,https://xjobs.brassring.com/TGnewUI/Search/home/HomeWithPreLoad?PageType=JobDetails&noback=0&partnerid=25348&siteid=5039&jobid=398184
DJI,false,
Doordash,false,
Dot&B,false,
Drawbridg,false,
Dropbox,true,https://www.dropbox.com/jobs/listing/190707
Duolingo,true,https://docs.google.com/forms/d/e/1FAIpQLSfNa_VPu7ZnV9Y76cOUztCrpX9JoIarZc3ATFzwZfKpgVv2MA/viewform?c=0&w=1
Eba,true,https://careers.ebayinc.com/join-our-team/for-students-and-recent-graduates/internships/
Edmod,false,
Edmunds,true,https://careers.jobscore.com/careers/edmunds/jobs/intern-it-operations-b-0TnsiD4r5RJgeMg-44q7
ElasticSearch,false,
Epic,false,
Esri,true,"http://www.esri.com/careers/main/job-detail?jobID=6056&term=Short%20Term&jobtype=Graphic%20Design&location=Redlands,%20CA&capath=Graphic%20Design&loc=&jsearch="
Ets,true,https://www.etsy.com/careers/job/oYPE3fwe
Eventbr,false,
Evernote,true,https://evernote.com/careers/job/?id=275440&gh_jid=275440
Facebook,true,https://www.facebook.com/careers/jobs/a0I1200000IAGYKEA5/
Fidelit,true,https://jobs.fidelity.com/apply-now/search-jobs.html
Figma,true,https://boards.greenhouse.io/figma/jobs/130873#.V8un6pMrKCU
Findery,false,
Fitbit,true,https://www.fitbit.com/careers/search#jobs/276914
Fivestars,true,http://www.fivestars.com/team/careers/?gh_jid=275411
Flatiron,true,https://flatiron.com/careers/engineering/28108
Flipboard,false,
Foursquare,true,https://jobs.lever.co/foursquare/7eac4391-3622-48dc-9d20-29e3ab9ac4f8
Frog,true,"http://www.frogdesign.com/careers/jobs/positions.html?jvi=oLYD3fw9,Job"
Galois,true,https://galois-inc.hiringthing.com/job/29732/winter-spring-2017-software-engineering-research-intern
Gigster,true,https://jobs.lever.co/gigster/b110af4d-688b-4856-b48f-7d1cecbd25be/apply
Gilt,true,"https://jobs.jobvite.com/careers/gilt-groupe/job/oGqb0fw1/apply?jvk=Apply&jvi=oGqb0fw1,Apply&j=oGqb0fw1&__jvst=Career%20Site"
Github,true,https://github.com/about/jobs#internships
GitL,false,
GoDadd,true,http://careers.godaddy.net/jobs/category/interns
Goldman Sachs,true,http://www.goldmansachs.com/careers/students-and-graduates/our-programs/americas-programs/us-summer-analyst.html
Google,true,https://www.google.com/about/careers/jobs#!t=jo&jid=/google/software-engineering-intern-bs-ms-summer-1600-amphitheatre-pkwy-mountain-view-ca-1549030001&
Groupon,true,https://jobs.groupon.com/jobs/R11048
Grubhu,false,
Guidewir,false,
GumGum,true,https://jobs.jobvite.com/gumgum/job/o2Xu3fwg/apply
Gus,false,
HackerRank,false,
HomeAwa,true,"https://app.jobvite.com/CompanyJobs/Careers.aspx?c=qrY9Vfwd&cs=9qd9Vfwr&nl=1&jvi=oKOC3fwX,Apply&jvk=Apply"
HootSuite,true,https://hootsuite.com/about/careers/students/coop-software-developer
Houzz,false,
H,true,http://h30631.www3.hp.com/corvallis/administration/jobid10488594-software-engineer-intern-jobs
HubSpot,true,http://product.hubspot.com/apply?gh_jid=89936
Hulu,true,http://www.hulu.com/jobs/positions/owhn3fwn
IBM,true,https://krb-sjobs.brassring.com/TGnewUI/Search/home/HomeWithPreLoad?PageType=JobDetails&partnerid=26059&siteid=5016&AReq=61080BR&cm_mc_uid=83374436690414735519324&cm_mc_sid_50200000=1473551932
iCIMS,true,https://careers.icims.com/jobs/2595-Intern---Software-Development-%28Summer-2017%29
IDEO,true,https://www.ideo.com/careers/job/181387/?gh_jid=181387
Illumin,false,
Infinera,true,"https://www.infinera.com/company/career/jobs/?jvi=oHpM3fwF,Job"
Inkling,false,
Inte,true,http://jobs.intel.com/ShowJob/Id/892687/Software-Engineer-Under-Graduate-Intern-/
Intentional Software,true,http://app.jobvite.com/CompanyJobs/Careers.aspx?c=qnU9Vfw5&s=Spring/Summer_2017_Internship&nl=1&page=Apply&j=o8jL3fwZ
Interactive Intelligence,true,https://www.inin.com/careers/job-listing?p=job%2FoptK3fwp%2Fapply
Intuit,true,http://careers.intuit.com/job-category/21/university/job/00124366/software-engineer-intern
IXL Learning,true,https://www.ixl.com/company/jobs?jvi=oDsBWfwm
Jane Street,true,https://www.janestreet.com/join-jane-street/apply/
Jawbon,false,
J,false,
Juniper,true,http://www.juniper.net/us/en/company/careers/university/
Kahn Academ,true,https://boards.greenhouse.io/khanacademy/jobs/15830#.V8KPjJMrKqB
Karat,true,https://jobs.lever.co/karat/c6666daf-6103-4430-85ac-4a45f5b0acfa?lever-source=indeed
Kayak,true,https://jobs.jobvite.com/kayak/job/oLow2fwr
Kinnek,true,https://jobs.lever.co/kinnek/f083a28b-120a-4097-a951-4ed7455b2e74/apply
LastPass,false,
LendUp,false,
Lever,false,
LinkedIn,true,https://www.linkedin.com/jobs2/cap/view/203557263?pathWildcard=203557263&trk=job_capjs
Lin & Associates,true,http://linandassociates.com/careers/computer-science-intern/
LiveRam,true,http://liveramp.com/jobs/?gh_jid=94653
Lob,true,https://lob.com/careers/254588/apply
Logitech,false,
Looker,false,
Lookou,false,
Lucid Software,true,https://www.golucid.co/jobs/software-engineer-intern
Lux,false,
Lyft,true,https://www.lyft.com/jobs/intern-software-engineer-summer-2017
MailChim,true,https://boards.greenhouse.io/mailchimp/jobs/455410?t=ijd5n8#.V99g-ZMrKqA
Mark,false,
MathWorks,true,http://www.mathworks.com/company/jobs/opportunities/10071-software-engineering-intern?job_type_id[]=1755&
MaxPoint,true,http://maxpoint.com/us/digital-advertising-company/online-advertising-careers/online-advertising-jobs?gnk=job&gni=8a78844956fdfc74015704b4a71e62bb&gns=Indeed
Medallia,true,http://www.medallia.com/open-positions/opportunity/?gh_jid=93649
Medium,false,
MeetM,false,
Microsoft,true,https://careers.microsoft.com/students/apply?rg=US&jf=9&el=2&jt=2
Mindgrub,true,http://www.mindgrub.com/careers/mobile-developer-intern
Minted,false,
Mixpan,false,
Mobi Manage,true,http://www.mobimanage.com/careers/
MongoDB,true,https://boards.greenhouse.io/mongodb/jobs/271521#.V9sSFZMrKCU
Mozilla,true,https://careers.mozilla.org/university/
MuleSoft,true,https://www.mulesoft.com/careers/apply?gh_jid=117030
Nas,false,
Nes,false,
NetSuite,true,http://www.netsuite.com/portal/common/career/products/12669ussm.html
Nextdoor,true,https://nextdoor.com/jobs/?gh_jid=32977
Nordstrom,false,
Nvidia,true,http://www.nvidia.com/object/universityrecruiting-internships.html
Ok,false,
Operator,false,
Opower,false,
Optimizely,false,
Oracle,true,http://www.oracle.com/us/corporate/careers/college/intern-at-oracle/product-development/index.html
Palantir,true,https://jobs.lever.co/palantir/72018fcf-e777-4696-956c-a764966a4c75
Pandor,false,
PayPa,true,https://jobsearch.paypal-corp.com/jobs/199438/San-Jose-California-Software-Engineer-Intern-Undergrad?lang=en-US
P,false,
Perc,false,
Pinterest,true,https://careers.pinterest.com/careers/details/software-engineer-intern_san-francisco_188210
P,false,
Postmates,true,https://docs.google.com/forms/d/e/1FAIpQLSeYPDfG8_MuLj2ISWZ-RUbZRx3gIniOdoKPzkuA8zXSAkTYqg/viewform
Priceline,true,http://careers.priceline.com/jobsearch/job-details/intern-summer-java-development/oC2I3fw9/1/
Pure Storage,true,https://boards.greenhouse.io/purestorage/jobs/254475#.V-huepMrKCU
Qualcomm,true,https://jobs.qualcomm.com/public/jobDetails.xhtml?requisitionId=1946651
Qualtrics,true,https://boards.greenhouse.io/qualtrics/jobs/36397#.V9r5WJMrKCU
Quantcast,true,https://www.quantcast.com/careers/05b31006-4f50-4a94-8931-dc7bfed4fd5b/
QuantShield,true,https://quantshield.workable.com/jobs/344884
Quiz,false,
Quora,true,https://www.quora.com/careers/software_engineer_intern
Rackspac,false,
ReadM,false,
Redfin,true,http://www.redfin.com/about/jobs/description/software-developer-intern-seattle--san-francis-oVEN3fw9?from=intern
RedH,false,
RetailNex,false,
Riot Games,true,http://www.riotgames.com/internship-info/243022
Robinhood,false,
Roku,false,
Salesforce,true,http://salesforce.careermount.com/career/49172/Summer-2017-Intern-Software-Engineer-Us-California-San-Francisco-Hq-Us-California-San-Mateo-Us-Colorado-Louisville-Us-Georgia-Atlanta-Us-Indiana-Indianapolis-Us-Washington-Seattle
Scribd,false,
Seamless,false,
SeatGeek,false,
Sensus,true,http://sensus.com/careers/current-openings/
ShipHawk,false,
Shopif,true,https://www.shopify.com/careers/developer-intern-the-winternship-2017-918cd8
Shopkick,false,
ShoreT,false,
Shutterf,true,https://www.shutterflyinc.com/jobs.html?p=job%2Fo6CR2fwl
Sift Science ,true,https://boards.greenhouse.io/siftscience/jobs/11159#.V8emgpMrKCU
Skillshar,false,
Slack,false,
Snapch,false,
Socotr,false,
SpaceX,true,https://jobs.lever.co/spacex-university/56134798-c70b-4ae7-8ce3-8c6d6924b821
Sqreen,true,https://www.sqreen.io/jobs/intern-docker-software-engineer.html
Square,true,https://www.smartrecruiters.com/Square/95644079
Squarespace,true,https://www.squarespace.com/about/careers/?gh_jid=238727
Stackfolio,true,http://www.stackfolio.com/careers/
StackOverflow,false,
Statefarm,true,https://www.statefarm.com/careers/become-an-intern/IT-internships/software-developer-internships
Stripe,true,https://stripe.com/jobs/positions/engineer-intern
Study Sou,true,https://studysoup.com/marketing/company/careers
SurveyMonkey,false,
Tableau,true,https://tableau.rolepoint.com/?shorturl=ufog8#job/ahBzfnJvbGVwb2ludC1wcm9kchALEgNKb2IYgIDglf6fvggM
TeckPert,true,https://teckpert.com/jobs/mobile-developer-internship/
Telen,false,
Tendigi,true,http://tendigi.com/career/mobile-engineer-intern/
Terad,false,
Tes,false,
Thomson Reuters,true,https://toc.taleo.net/careersection/intern_all/jobdetail.ftl?job=16001327
ThoughtSpot,true,http://www.thoughtspot.com/careers/listing?gh_jid=87121
Thumbtack,true,https://boards.greenhouse.io/thumbtack/jobs/2570#.V8eujpMrKCU
Tinder,false,
Tin,false,
Top Hat,true,https://tophat.com/company/careers/?p=apply
TripAdvisor,true,https://boards.greenhouse.io/tripadvisor/jobs/271020#.V8ewG5MrKCU
Tumblr,true,https://boards.greenhouse.io/tumblr/jobs/19938?gh_jid=19938#.V-hxdZMrKCU
Twilio,true,https://boards.greenhouse.io/twilio/jobs/276983#.V9sBEZMrKCU
Twitch,false,
Twitter,true,https://careers.twitter.com/en/work-for-twitter/university-application-full-time-internship.html
Two Sigm,false,
Uber,true,https://www.uber.com/careers/list/25162/
Ultimate Software,true,http://www.ultimatesoftware.com/internships
Uptake,true,http://uptake.com/jobs/?gh_jid=275862
Upther,false,
Upwork,false,
US,true,https://search.usaajobs.com/us/en-us/Job-Details/Intern-IT-College-Hire-Program-Job/San-Antonio-TX/XjdP-jf1080-ct106309-jid63185248
V,false,
Vectorworks,true,https://www.appone.com/MainInfoReq.asp?R_ID=972772&B_ID=10&fid=1&Adid=&ssbgcolor=&SearchScreenID=2062&CountryID=3&LanguageID=2
Venm,false,
Vertafor,false,
VEVO,false,
Viacom,true,https://collegerelations-viacom.icims.com/jobs/5024/viacom-%26-bet-spring-2017-technology-internships/job
Vim,false,
ViralH,false,
Visa,true,https://jobs.visa.com/job/Singapore-Intern%2C-Software-Engineering-Job/357649400/
Visualbi,true,http://visualbi.com/javascript-developer-intern/
Vmware,true,https://careers.vmware.com/category/internship-jobs/1567/22673/1
Walmart Labs,true,http://www.walmartlabs.com/jobs/
Wattpad,false,
Wayfair,true,http://www.wayfair.com/careers#job=oHmM3fwC
Weebly,false,
WeFunder,true,https://wefunder.com/jobs/internships
Whats,true,https://www.facebook.com/careers/jobs/a0I1200000JIbXhEAL/
Willow Tree,true,http://app.jobvite.com/CompanyJobs/Careers.aspx?k=Apply&c=qdZaVfw1&j=owyM3fwD
W,false,
Work Mark,false,
Workda,true,http://www.workday.com/company/careers/job_description.php?id=JR14497#.V8ORJJgrKUk
Workiva,true,https://www.workiva.com/careers/11616/apply
Xero,true,https://www.xero.com/us/about/careers/job/oBKN3fwV/
Yahoo,true,https://tas-yahoo.taleo.net/careersection/yahoo_us_cs/jobdetail.ftl?job=1644261
Ye,true,https://jobs.lever.co/yelp/acd14f8c-12ef-44ae-bba0-d9ddaf9a54c8/apply
Yext,true,https://boards.greenhouse.io/yext/jobs/262395?gh_jid=262395#.V8iReJgrKUk
Yik Yak,false,
YouNow,false,
Youtu,false,
Zaland,false,
Zappos,true,http://jobs.jobvite.com/zappos/jobs/internships?t=Intern
Zendesk,true,http://jobs.jobvite.com/careers/zendesk/job/oUxL3fwZ/apply?__jvst=Zendesk%20Career%20Site
Zenefits,false,
ZenMate,true,https://zenmate-jobs.personio.de/job/6711?language=en#apply
Zillow,true,http://www.zillow.com/jobs/apply?j=o3QK3fwq
ZocDoc,false,
Zoosk,false,
Zscaler,true,https://www.zscaler.com/internships?p=job%2FoyZM3fw6%2Fapply
Zuor,false,
Zur,false,
Zynga,true,https://www.zynga.com/careers/positions/internco-op-software-engineer-current-students-summer-2017
